Carrier,Origin,Destination,Departure Delay,Arrival Delay
AA,JFK,LAS,-5,-23
AA,SFO,ORD,-5,-27
AA,SFO,ORD,-1,-26
AA,SFO,ORD,-9,-30
AA,SFO,ORD,-9,-9
AA,SFO,ORD,-6,-23
AA,SFO,ORD,0,4
AA,SFO,ORD,-6,-5
AA,SFO,ORD,0,-10
AA,SFO,ORD,-8,-34
AA,SFO,ORD,-3,-29
AA,SFO,ORD,1,-19
AA,SFO,ORD,19,3
AA,SFO,ORD,-5,-8
AA,SFO,ORD,-2,3
AA,SFO,ORD,4,19
AA,SFO,ORD,303,326
AA,SFO,ORD,-2,-26
AA,SFO,ORD,1,-29
AA,SFO,ORD,2,-5
AA,SFO,ORD,-3,-21
AA,SFO,ORD,-6,-36
AA,SFO,ORD,-1,-27
AA,SFO,ORD,23,38
AA,SFO,ORD,-1,-23
AA,SFO,ORD,-5,-15
AA,JFK,LAS,-1,-13
AA,JFK,LAS,93,71
AA,JFK,LAS,-6,-41
AA,JFK,LAS,-7,-35
AA,JFK,LAS,-4,0
AA,JFK,LAS,2,-7
AA,JFK,LAS,0,7
AA,JFK,LAS,1,-26
AA,JFK,LAS,116,111
AA,JFK,LAS,-5,-4
AA,JFK,LAS,1,18
AA,JFK,LAS,35,36
AA,JFK,LAS,24,6
AA,JFK,LAS,14,-13
AA,JFK,LAS,-1,55
AA,JFK,LAS,-1,-17
AA,JFK,LAS,-13,-80
AA,JFK,LAS,-4,-16
AA,JFK,LAS,0,-10
AA,JFK,LAS,89,101
AA,JFK,LAS,-5,-35
AA,JFK,LAS,-5,-19
AA,JFK,LAS,-8,-35
AA,JFK,LAS,0,-25
AA,JFK,LAS,-1,-16
AA,JFK,LAS,-5,2
AA,JFK,LAS,-6,15
AA,JFK,LAS,3,35
AA,JFK,LAS,0,-16
AA,JFK,ORD,148,138
AA,JFK,ORD,78,64
AA,JFK,ORD,-2,-19
AA,JFK,ORD,-2,-27
AA,JFK,ORD,30,14
AA,JFK,ORD,1,-5
AA,JFK,ORD,0,4
AA,JFK,ORD,-2,-36
AA,JFK,ORD,-4,-3
AA,JFK,ORD,15,17
AA,JFK,ORD,-7,-18
AA,JFK,ORD,3,-6
AA,JFK,ORD,-1,-5
AA,JFK,ORD,62,37
AA,JFK,ORD,-5,-27
AA,JFK,ORD,0,-10
AA,JFK,ORD,9,5
AA,JFK,ORD,91,86
AA,JFK,ORD,-2,-12
AA,JFK,ORD,1,114
AA,JFK,ORD,-3,-28
AA,JFK,ORD,-3,-17
AA,JFK,ORD,-9,-33
AA,JFK,ORD,-4,-17
AA,JFK,ORD,-4,2
AA,JFK,ORD,-5,13
AA,JFK,ORD,-5,4
AA,JFK,ORD,25,-2
AA,SFO,ORD,-8,-15
AA,SFO,ORD,-3,-1
AA,SFO,ORD,-3,-19
AA,SFO,ORD,-5,-20
AA,SFO,ORD,7,-3
AA,SFO,ORD,2,-27
AA,SFO,ORD,11,-7
AA,SFO,ORD,-4,-23
AA,SFO,ORD,-1,-7
AA,SFO,ORD,1,-15
AA,SFO,ORD,154,145
AA,SFO,ORD,6,24
AA,SFO,ORD,-5,9
AA,SFO,ORD,71,102
AA,SFO,ORD,-1,-35
AA,SFO,ORD,-2,-31
AA,SFO,ORD,-3,8
AA,SFO,ORD,5,-6
AA,SFO,ORD,1,-11
AA,SFO,ORD,-2,-21
AA,SFO,ORD,25,1
AA,SFO,ORD,-2,-8
AA,SFO,ORD,-6,-29
AA,SFO,ORD,-5,-26
AA,SFO,ORD,-2,-8
AA,SFO,ORD,-7,-35
AA,SFO,ORD,0,-24
AA,SFO,ORD,-5,-21
AA,SFO,ORD,3,-6
AA,SFO,ORD,-5,-28
AA,SFO,ORD,-7,-28
AA,SFO,ORD,-9,-19
AA,SFO,ORD,8,0
AA,SFO,ORD,-4,-8
AA,SFO,ORD,16,-23
AA,SFO,ORD,-1,-23
AA,SFO,ORD,-5,-17
AA,SFO,ORD,1,-15
AA,SFO,ORD,-3,-13
AA,SFO,ORD,0,-14
AA,SFO,ORD,-4,7
AA,SFO,ORD,-7,3
AA,SFO,ORD,74,95
AA,SFO,ORD,5,-22
AA,SFO,ORD,0,-27
AA,SFO,ORD,-4,-5
AA,SFO,ORD,-1,-20
AA,SFO,ORD,-1,-25
AA,SFO,ORD,-4,-27
AA,SFO,ORD,-2,-37
AA,SFO,ORD,-5,-22
AA,SFO,ORD,-8,-43
AA,SFO,ORD,-8,-23
AA,SFO,ORD,22,9
AA,SFO,ORD,6,0
AA,SFO,ORD,-4,-18
AA,SFO,ORD,-6,-16
AA,SFO,ORD,-5,-16
AA,SFO,ORD,0,-29
AA,SFO,ORD,63,66
AA,SFO,ORD,7,-9
AA,SFO,ORD,4,-4
AA,SFO,ORD,6,4
AA,SFO,ORD,2,-6
AA,SFO,ORD,-2,-19
AA,SFO,ORD,6,-12
AA,SFO,ORD,1,-15
AA,SFO,ORD,-5,-33
AA,SFO,ORD,-1,-19
AA,SFO,ORD,9,1
AA,SFO,ORD,2,-8
AA,SFO,ORD,20,31
AA,SFO,ORD,-1,7
AA,SFO,ORD,4,11
AA,SFO,ORD,80,81
AA,SFO,ORD,-2,-36
AA,SFO,ORD,-1,5
AA,SFO,ORD,3,-28
AA,SFO,ORD,16,9
AA,SFO,ORD,60,30
AA,SFO,ORD,3,-30
AA,SFO,ORD,0,-25
AA,SFO,ORD,17,-6
AA,SFO,ORD,-2,-16
AA,SFO,ORD,102,83
AA,JFK,ORD,0,7
AA,JFK,ORD,-5,-15
AA,JFK,ORD,-1,-9
AA,JFK,ORD,-4,-4
AA,JFK,ORD,-6,-18
AA,JFK,ORD,-5,1
AA,JFK,ORD,35,34
AA,JFK,ORD,-4,-16
AA,JFK,ORD,-4,-17
AA,JFK,ORD,-7,-14
AA,JFK,ORD,-6,12
AA,JFK,ORD,-5,4
AA,JFK,ORD,-4,11
AA,JFK,ORD,-7,-30
AA,JFK,ORD,-2,-13
AA,JFK,ORD,-4,2
AA,JFK,ORD,-1,14
AA,JFK,ORD,107,107
AA,JFK,ORD,-8,-6
AA,JFK,ORD,2,2
AA,JFK,ORD,-6,34
AA,JFK,ORD,15,18
AA,JFK,ORD,-6,3
AA,JFK,ORD,-6,-11
AA,JFK,ORD,-1,-15
AA,JFK,ORD,-4,17
AA,JFK,ORD,-7,-1
AA,JFK,ORD,1,5
AA,SFO,ORD,-6,-31
AA,SFO,ORD,-2,0
AA,SFO,ORD,-1,-18
AA,SFO,ORD,-10,11
AA,SFO,ORD,-6,-23
AA,SFO,ORD,-3,-12
AA,SFO,ORD,-5,-14
AA,SFO,ORD,-5,-12
AA,SFO,ORD,1,-21
AA,SFO,ORD,-8,-35
AA,SFO,ORD,-3,-15
AA,SFO,ORD,-6,-33
AA,SFO,ORD,-5,-18
AA,SFO,ORD,-3,-22
AA,SFO,ORD,-4,26
AA,SFO,ORD,-3,15
AA,SFO,ORD,217,203
AA,SFO,ORD,0,-23
AA,SFO,ORD,-2,-32
AA,SFO,ORD,73,54
AA,SFO,ORD,-6,-39
AA,SFO,ORD,-3,-21
AA,SFO,ORD,-4,-19
AA,SFO,ORD,-6,-34
AA,SFO,ORD,80,33
AA,SFO,ORD,6,-7
AA,SFO,ORD,49,29
AA,SFO,ORD,-4,-21
AA,JFK,LAS,-3,8
AA,JFK,LAS,-2,11
AA,JFK,LAS,-4,-9
AA,JFK,LAS,-2,-10
AA,JFK,LAS,-3,-13
AA,JFK,LAS,-5,1
AA,JFK,LAS,0,-25
AA,JFK,LAS,-6,-30
AA,JFK,LAS,1,-10
AA,JFK,LAS,-9,-3
AA,JFK,LAS,7,12
AA,JFK,LAS,-3,-6
AA,JFK,LAS,-2,0
AA,JFK,LAS,-4,-40
AA,JFK,LAS,-5,-35
AA,JFK,LAS,1,-5
AA,JFK,LAS,-5,-17
AA,JFK,LAS,-7,-39
AA,JFK,LAS,-6,-13
AA,JFK,LAS,-7,-4
AA,JFK,LAS,-4,-14
AA,JFK,LAS,-5,-22
AA,JFK,LAS,-10,-28
AA,JFK,LAS,-7,-10
AA,JFK,LAS,-4,-21
AA,JFK,LAS,0,-2
AA,JFK,LAS,-4,-16
AA,JFK,LAS,-5,18
AA,JFK,LAS,16,17
AA,JFK,LAS,-3,-39
AA,SFO,ORD,8,-7
AA,SFO,ORD,-7,-19
AA,SFO,ORD,-6,-5
AA,SFO,ORD,-3,16
AA,SFO,ORD,8,-4
AA,SFO,ORD,-1,-4
AA,SFO,ORD,-6,-21
AA,SFO,ORD,-3,-22
AA,SFO,ORD,3,-9
AA,SFO,ORD,-3,-22
AA,SFO,ORD,-1,-14
AA,SFO,ORD,7,16
AA,SFO,ORD,-5,1
AA,SFO,ORD,-8,-3
AA,SFO,ORD,-5,-2
AA,SFO,ORD,3,34
AA,SFO,ORD,-3,42
AA,SFO,ORD,-2,-23
AA,SFO,ORD,11,-12
AA,SFO,ORD,-3,-26
AA,SFO,ORD,-1,-6
AA,SFO,ORD,22,5
AA,SFO,ORD,0,-8
AA,SFO,ORD,-5,-27
AA,SFO,ORD,-1,-13
AA,SFO,ORD,1,13
AA,SFO,ORD,4,-12
AA,SFO,ORD,-3,-13
AA,SFO,ORD,1,-20
AA,SFO,ORD,22,16
AA,SFO,ORD,-11,-18
AA,SFO,ORD,125,143
AA,SFO,ORD,0,-18
AA,SFO,ORD,8,0
AA,SFO,ORD,-11,-10
AA,SFO,ORD,7,-18
AA,SFO,ORD,-2,-20
AA,SFO,ORD,0,-30
AA,SFO,ORD,8,5
AA,SFO,ORD,-6,0
AA,SFO,ORD,-3,-7
AA,SFO,ORD,46,47
AA,SFO,ORD,-6,-21
AA,SFO,ORD,-1,9
AA,SFO,ORD,23,14
AA,SFO,ORD,48,40
AA,SFO,ORD,28,6
AA,SFO,ORD,-1,8
AA,SFO,ORD,108,112
AA,SFO,ORD,-1,-17
AA,SFO,ORD,-4,-24
AA,SFO,ORD,8,-15
AA,SFO,ORD,-4,-31
AA,SFO,ORD,1,-18
AA,SFO,ORD,-8,-32
AA,SFO,ORD,-9,-25
AA,SFO,ORD,0,-20
B6,JFK,LAS,9,-2
B6,JFK,LAS,4,-33
B6,SFO,LAS,10,-9
B6,JFK,ORD,-2,6
B6,SFO,LAS,-2,-21
B6,JFK,ORD,1,-13
B6,SFO,LAS,69,60
B6,JFK,LAS,-6,-14
B6,JFK,LAS,2,-18
B6,JFK,LAS,-1,-11
B6,SFO,LAS,85,82
B6,JFK,ORD,10,-16
B6,SFO,LAS,18,10
B6,JFK,ORD,1,17
B6,SFO,LAS,-1,-16
B6,JFK,ORD,5,6
B6,SFO,LAS,0,-7
B6,JFK,LAS,-1,3
B6,JFK,LAS,-1,-4
B6,JFK,LAS,-4,-7
B6,SFO,LAS,13,4
B6,JFK,ORD,-2,1
B6,SFO,LAS,-3,-4
B6,JFK,LAS,-6,-25
B6,JFK,LAS,-2,-6
B6,JFK,LAS,-2,-23
B6,SFO,LAS,1,-12
B6,JFK,ORD,3,44
B6,SFO,LAS,-3,-12
B6,JFK,ORD,11,3
B6,SFO,LAS,5,3
B6,JFK,LAS,-7,-23
B6,JFK,LAS,93,103
B6,JFK,LAS,-3,7
B6,JFK,LAS,-1,-39
B6,JFK,LAS,3,-35
B6,SFO,LAS,12,1
B6,JFK,ORD,-5,-13
B6,JFK,ORD,21,16
B6,SFO,LAS,-4,-14
B6,JFK,LAS,-10,2
B6,SFO,LAS,-3,-12
B6,JFK,ORD,-4,-24
B6,SFO,LAS,-6,-9
B6,JFK,LAS,0,-5
B6,JFK,LAS,5,-17
B6,JFK,LAS,0,-15
B6,SFO,LAS,-11,-15
B6,JFK,ORD,0,-14
B6,SFO,LAS,-4,-15
B6,JFK,ORD,-5,-25
B6,JFK,LAS,3,-11
B6,JFK,LAS,-2,25
B6,JFK,LAS,-1,16
B6,SFO,LAS,5,-9
B6,JFK,ORD,-5,-11
B6,SFO,LAS,-5,-15
B6,JFK,ORD,63,41
B6,SFO,LAS,187,192
B6,JFK,LAS,-5,-25
B6,JFK,LAS,7,-10
B6,JFK,LAS,38,7
B6,SFO,LAS,-3,-16
B6,JFK,ORD,-2,-6
B6,SFO,LAS,2,0
B6,JFK,LAS,0,16
B6,JFK,LAS,-5,-4
B6,JFK,LAS,0,-2
B6,SFO,LAS,9,-3
B6,JFK,ORD,-3,1
B6,SFO,LAS,-4,-18
B6,JFK,ORD,5,6
B6,SFO,LAS,3,-9
B6,SFO,LAS,-2,-7
B6,JFK,ORD,8,-13
B6,SFO,LAS,-10,-24
B6,JFK,LAS,-4,-41
B6,JFK,LAS,0,78
B6,JFK,LAS,13,-38
B6,SFO,LAS,-6,-17
B6,JFK,ORD,-5,-6
B6,SFO,LAS,0,-11
B6,JFK,ORD,3,3
B6,SFO,LAS,-3,-14
B6,JFK,LAS,-4,-12
B6,JFK,LAS,-3,-10
B6,JFK,LAS,-4,-42
B6,SFO,LAS,-2,-9
B6,JFK,ORD,1,3
B6,SFO,LAS,2,6
B6,JFK,ORD,21,8
B6,SFO,LAS,63,54
B6,JFK,LAS,-7,-29
B6,JFK,LAS,-1,-23
B6,SFO,LAS,122,123
B6,JFK,ORD,-3,-21
B6,SFO,LAS,-7,-17
B6,JFK,ORD,12,6
B6,SFO,LAS,2,-10
B6,JFK,LAS,7,21
B6,JFK,LAS,0,4
B6,JFK,LAS,3,-11
B6,SFO,LAS,18,15
B6,JFK,ORD,-1,19
B6,SFO,LAS,-2,-22
B6,JFK,ORD,6,14
B6,SFO,LAS,22,15
B6,JFK,LAS,-10,-36
B6,JFK,LAS,-4,-1
B6,JFK,LAS,-2,-38
B6,SFO,LAS,0,-14
B6,JFK,ORD,-3,-8
B6,SFO,LAS,-4,-24
B6,JFK,ORD,36,52
B6,SFO,LAS,-2,-7
B6,SFO,LAS,-8,-3
B6,JFK,ORD,-2,-15
B6,SFO,LAS,211,211
B6,JFK,LAS,4,-24
B6,JFK,LAS,61,48
B6,JFK,LAS,-8,-37
B6,JFK,LAS,23,6
B6,JFK,LAS,-2,-25
B6,SFO,LAS,-2,-5
B6,JFK,ORD,267,311
B6,SFO,LAS,-4,-24
B6,JFK,ORD,2,1
B6,SFO,LAS,52,37
B6,JFK,LAS,4,20
B6,JFK,LAS,47,57
B6,JFK,LAS,7,12
B6,SFO,LAS,19,30
B6,JFK,ORD,-4,10
B6,SFO,LAS,-2,-18
B6,JFK,ORD,-1,19
B6,SFO,LAS,8,21
B6,JFK,LAS,-4,-32
B6,JFK,LAS,-9,-7
B6,JFK,LAS,-3,-13
B6,SFO,LAS,-2,-10
B6,JFK,ORD,-3,-13
B6,SFO,LAS,3,-14
B6,JFK,ORD,-1,-16
B6,SFO,LAS,13,3
B6,JFK,LAS,-7,-23
B6,JFK,LAS,0,13
B6,JFK,LAS,7,-6
B6,SFO,LAS,13,3
B6,JFK,ORD,-5,-16
B6,JFK,ORD,-4,-13
B6,SFO,LAS,-4,-22
B6,SFO,LAS,-3,-20
B6,JFK,ORD,19,1
B6,SFO,LAS,28,11
B6,JFK,LAS,-6,-6
B6,JFK,LAS,0,-12
B6,JFK,LAS,4,-20
B6,SFO,LAS,19,26
B6,JFK,ORD,-5,-19
B6,SFO,LAS,-3,-20
B6,JFK,ORD,14,19
B6,SFO,LAS,-7,-21
B6,JFK,LAS,-5,-2
B6,JFK,LAS,9,38
B6,JFK,LAS,-4,10
B6,SFO,LAS,-2,-16
B6,JFK,ORD,-10,-11
B6,JFK,ORD,14,15
B6,JFK,LAS,-5,-18
B6,JFK,LAS,9,23
B6,SFO,LAS,13,4
B6,JFK,ORD,-3,-26
B6,SFO,LAS,-4,-10
B6,JFK,ORD,8,25
B6,SFO,LAS,-8,-24
B6,JFK,LAS,-3,-15
B6,JFK,LAS,21,38
B6,JFK,LAS,-2,-7
B6,SFO,LAS,5,-9
B6,JFK,ORD,17,14
B6,JFK,ORD,-2,5
B6,JFK,ORD,-1,-20
B6,SFO,LAS,0,-12
B6,SFO,LAS,0,-16
B6,JFK,LAS,4,17
B6,JFK,LAS,-3,-1
B6,JFK,LAS,0,4
B6,SFO,LAS,0,-11
B6,JFK,ORD,0,-21
B6,JFK,ORD,-1,-17
B6,SFO,LAS,-3,9
B6,JFK,ORD,-5,-9
B6,SFO,LAS,4,-11
B6,JFK,LAS,5,-13
B6,SFO,LAS,8,4
B6,JFK,ORD,141,127
B6,SFO,LAS,-4,-22
B6,JFK,ORD,6,15
B6,SFO,LAS,11,13
B6,JFK,LAS,-3,18
B6,JFK,LAS,-3,9
B6,JFK,LAS,14,26
B6,SFO,LAS,15,2
B6,JFK,ORD,-3,-2
B6,SFO,LAS,-1,-18
B6,JFK,ORD,340,337
B6,SFO,LAS,6,-14
B6,JFK,LAS,-3,-14
B6,JFK,LAS,-2,-24
B6,JFK,LAS,-1,-16
B6,SFO,LAS,-2,-18
B6,JFK,ORD,15,50
B6,SFO,LAS,-3,-27
B6,JFK,ORD,-5,-27
B6,SFO,LAS,3,-5
B6,JFK,LAS,-6,-34
B6,SFO,LAS,-6,-26
B6,JFK,ORD,1,48
B6,JFK,LAS,-3,-17
B6,JFK,LAS,3,-25
B6,SFO,LAS,12,0
B6,JFK,ORD,27,20
B6,JFK,ORD,-2,-6
B6,SFO,LAS,-8,-24
B6,JFK,LAS,-3,-17
B6,JFK,LAS,-2,-25
B6,SFO,LAS,1,-7
B6,JFK,ORD,3,-3
B6,SFO,LAS,-6,-15
B6,JFK,ORD,20,0
B6,SFO,LAS,4,14
B6,JFK,LAS,-5,-20
B6,JFK,LAS,5,13
B6,JFK,LAS,-2,-16
B6,SFO,LAS,20,10
B6,JFK,ORD,0,-18
B6,SFO,LAS,-4,-26
B6,JFK,ORD,34,31
B6,SFO,LAS,5,-7
B6,JFK,LAS,0,-25
B6,JFK,LAS,-5,-15
B6,JFK,LAS,0,-6
B6,SFO,LAS,10,22
B6,JFK,ORD,-1,-7
DL,SFO,ATL,6,-7
DL,SFO,ATL,-2,-17
DL,JFK,ATL,0,-5
DL,SFO,ATL,170,171
DL,JFK,LAS,-2,-20
DL,SFO,ATL,3,-15
DL,JFK,LAS,-12,-32
DL,JFK,LAS,-5,2
DL,JFK,ATL,-1,-1
DL,JFK,ATL,1,-3
DL,JFK,ATL,202,217
DL,JFK,ATL,-5,13
DL,JFK,LAS,21,-6
DL,JFK,ATL,102,85
DL,SFO,ATL,-4,-9
DL,SFO,ATL,54,73
DL,SFO,ATL,6,-2
DL,SFO,ATL,9,15
DL,SFO,ATL,-2,-12
DL,JFK,LAS,1,-31
DL,SFO,ATL,168,147
DL,JFK,LAS,-5,-26
DL,JFK,LAS,17,21
DL,JFK,ATL,40,22
DL,JFK,LAS,31,19
DL,JFK,LAS,-3,-14
DL,JFK,ATL,-4,-13
DL,JFK,ATL,42,43
DL,JFK,ATL,-2,-2
DL,JFK,ATL,33,17
DL,SFO,ATL,12,-5
DL,SFO,ATL,2,18
DL,SFO,ATL,4,-6
DL,JFK,LAS,3,-27
DL,SFO,ATL,13,9
DL,JFK,LAS,11,-6
DL,JFK,ATL,-6,-37
DL,JFK,ATL,-3,-29
DL,JFK,LAS,-6,-18
DL,JFK,LAS,-3,-28
DL,JFK,ATL,-1,-16
DL,JFK,ATL,28,25
DL,JFK,LAS,0,-12
DL,JFK,ATL,40,38
DL,SFO,ATL,-1,-13
DL,JFK,ATL,114,84
DL,SFO,ATL,-4,-6
DL,SFO,ATL,-5,1
DL,JFK,ATL,-5,-23
DL,SFO,ATL,15,6
DL,SFO,ATL,14,24
DL,JFK,ATL,18,9
DL,JFK,LAS,-3,-6
DL,SFO,ATL,-3,-14
DL,JFK,LAS,7,-12
DL,SFO,ATL,-1,-5
DL,JFK,LAS,-8,-24
DL,JFK,ATL,6,-25
DL,JFK,ATL,0,-20
DL,JFK,LAS,-3,-25
DL,JFK,LAS,-9,16
DL,JFK,ATL,-4,9
DL,JFK,ATL,-6,-15
DL,SFO,ATL,8,14
DL,SFO,ATL,-1,-5
DL,SFO,ATL,-5,-6
DL,JFK,ATL,-6,5
DL,SFO,ATL,-6,-10
DL,SFO,ATL,0,-5
DL,JFK,LAS,3,-10
DL,SFO,ATL,-1,-19
DL,JFK,LAS,-5,8
DL,JFK,ATL,30,3
DL,JFK,LAS,-5,-20
DL,JFK,ATL,4,-3
DL,JFK,ATL,0,1
DL,JFK,ATL,-5,-18
DL,JFK,LAS,22,-6
DL,JFK,LAS,0,-6
DL,SFO,ATL,-5,-12
DL,JFK,LAS,40,35
DL,SFO,ATL,0,-1
DL,JFK,ATL,-5,-27
DL,JFK,ATL,7,-16
DL,JFK,LAS,-1,10
DL,JFK,LAS,-3,11
DL,JFK,ATL,-1,-8
DL,JFK,LAS,20,10
DL,SFO,ATL,4,11
DL,SFO,ATL,27,27
DL,JFK,ATL,16,-1
DL,SFO,ATL,-5,-12
DL,SFO,ATL,22,11
DL,JFK,ATL,35,14
DL,JFK,ATL,1,-9
DL,JFK,ATL,25,14
DL,SFO,ATL,-2,-4
DL,SFO,ATL,3,13
DL,SFO,ATL,-8,-12
DL,SFO,ATL,57,64
DL,JFK,ATL,-3,5
DL,SFO,ATL,-5,-15
DL,SFO,ATL,11,13
DL,JFK,ATL,-2,-9
DL,SFO,ATL,-6,-5
DL,JFK,ATL,19,-9
DL,JFK,ATL,-3,-14
DL,SFO,ATL,-6,8
DL,SFO,ATL,0,8
DL,JFK,LAS,-2,-17
DL,JFK,ATL,2,-37
DL,SFO,ATL,-6,-14
DL,JFK,LAS,15,-28
DL,SFO,ATL,-7,-10
DL,JFK,LAS,-3,-21
DL,JFK,ATL,15,11
DL,JFK,ATL,52,64
DL,JFK,LAS,-5,-31
DL,JFK,LAS,-8,-54
DL,JFK,ATL,-1,15
DL,JFK,ATL,0,3
DL,JFK,LAS,10,-2
DL,SFO,ATL,7,1
DL,JFK,LAS,9,-2
DL,SFO,ATL,-2,-22
DL,JFK,LAS,46,33
DL,JFK,ATL,-1,-26
DL,JFK,LAS,-4,-12
DL,JFK,ATL,-3,4
DL,JFK,ATL,0,-6
DL,JFK,ATL,-3,-10
DL,SFO,ATL,7,2
DL,SFO,ATL,-2,-5
DL,SFO,ATL,18,0
DL,SFO,ATL,0,-3
DL,SFO,ATL,13,17
DL,JFK,ATL,3,-10
DL,SFO,ATL,34,12
DL,SFO,ATL,6,12
DL,SFO,ATL,17,0
DL,JFK,ATL,6,-6
DL,SFO,ATL,-4,-22
DL,SFO,ATL,30,6
DL,JFK,ATL,-5,-36
DL,JFK,ATL,33,13
DL,JFK,LAS,-2,-15
DL,SFO,ATL,0,-29
DL,JFK,LAS,12,1
DL,SFO,ATL,-7,-40
DL,JFK,ATL,12,-13
DL,JFK,LAS,-10,-10
DL,JFK,LAS,-6,2
DL,JFK,ATL,1,-11
DL,JFK,ATL,2,3
DL,JFK,ATL,-8,-20
DL,JFK,LAS,-5,-6
DL,SFO,ATL,12,-5
DL,SFO,ATL,-3,-36
DL,SFO,ATL,5,-14
DL,JFK,ATL,95,80
DL,JFK,LAS,-6,-28
DL,JFK,LAS,25,34
DL,SFO,ATL,-2,-34
DL,JFK,LAS,23,46
DL,SFO,ATL,-2,-33
DL,JFK,LAS,-5,17
DL,JFK,ATL,-8,-47
DL,JFK,ATL,9,-14
DL,JFK,LAS,0,19
DL,JFK,ATL,-5,-25
DL,JFK,ATL,-6,-16
DL,JFK,LAS,11,5
DL,SFO,ATL,-4,-22
DL,JFK,LAS,9,9
DL,SFO,ATL,0,-19
DL,JFK,LAS,5,30
DL,JFK,ATL,28,39
DL,JFK,LAS,-1,21
DL,JFK,ATL,3,15
DL,JFK,ATL,-6,22
DL,JFK,ATL,-1,1
DL,JFK,LAS,31,47
DL,SFO,ATL,13,-8
DL,SFO,ATL,-4,-29
DL,SFO,ATL,-2,-21
DL,SFO,ATL,37,16
DL,SFO,ATL,0,-27
DL,SFO,ATL,20,0
DL,JFK,ATL,-2,-14
DL,JFK,ATL,-5,-6
DL,SFO,ATL,-3,-28
DL,SFO,ATL,33,10
DL,JFK,ATL,1,-30
DL,JFK,LAS,0,-8
DL,SFO,ATL,-5,-10
DL,SFO,ATL,-8,-7
DL,JFK,ATL,-3,-2
DL,JFK,ATL,-2,-18
DL,SFO,ATL,0,-18
DL,SFO,ATL,7,6
DL,JFK,ATL,-2,6
DL,JFK,LAS,-6,4
DL,SFO,ATL,-4,-21
DL,JFK,LAS,-6,-24
DL,SFO,ATL,-4,-12
DL,JFK,ATL,3,-16
DL,JFK,ATL,-2,-13
DL,JFK,LAS,-2,-7
DL,JFK,LAS,-5,-1
DL,JFK,ATL,-3,-16
DL,JFK,LAS,-3,-20
DL,JFK,LAS,-8,-38
DL,SFO,ATL,1,0
DL,SFO,ATL,-4,-16
DL,JFK,ATL,-3,-29
DL,JFK,ATL,-2,-44
DL,JFK,LAS,-4,-45
DL,JFK,ATL,-3,-22
DL,JFK,LAS,0,-52
DL,SFO,ATL,-3,-10
DL,JFK,LAS,-1,-23
DL,JFK,ATL,1,-47
DL,JFK,LAS,48,2
DL,SFO,ATL,8,2
DL,JFK,LAS,3,-18
DL,SFO,ATL,1,-4
DL,JFK,LAS,-6,14
DL,JFK,ATL,-1,-7
DL,JFK,ATL,-2,-27
DL,JFK,LAS,-5,-18
DL,JFK,LAS,-8,-15
DL,JFK,ATL,4,7
DL,JFK,ATL,-6,-14
DL,JFK,ATL,0,-14
DL,SFO,ATL,-2,-12
DL,SFO,ATL,4,9
DL,SFO,ATL,-5,-6
DL,JFK,ATL,-7,53
DL,JFK,ATL,-3,3
DL,SFO,ATL,-4,-5
DL,SFO,ATL,2,2
DL,SFO,ATL,26,19
DL,SFO,ATL,22,20
DL,SFO,ATL,-2,-5
DL,JFK,ATL,-1,-22
DL,SFO,ATL,0,-6
DL,SFO,ATL,2,22
DL,JFK,ATL,60,30
DL,SFO,ATL,0,-15
DL,SFO,ATL,-1,-11
DL,SFO,ATL,10,8
DL,JFK,ATL,0,-40
DL,JFK,LAS,-1,-18
DL,SFO,ATL,-2,-12
DL,JFK,LAS,17,-24
DL,SFO,ATL,-3,-23
DL,JFK,LAS,-5,-11
DL,JFK,ATL,25,4
DL,JFK,LAS,4,-11
DL,JFK,ATL,4,-30
DL,JFK,ATL,-7,-15
DL,JFK,ATL,-3,-12
DL,JFK,LAS,18,12
DL,JFK,LAS,18,15
DL,SFO,ATL,2,-3
DL,JFK,LAS,-6,-43
DL,SFO,ATL,0,8
DL,JFK,LAS,-2,-40
DL,JFK,ATL,1,-33
DL,JFK,LAS,22,-5
DL,JFK,LAS,-2,-31
DL,JFK,ATL,-6,0
DL,JFK,ATL,-5,-20
DL,JFK,ATL,-5,-21
DL,JFK,LAS,-2,-43
DL,SFO,ATL,-1,4
DL,SFO,ATL,2,16
DL,JFK,ATL,13,-20
DL,SFO,ATL,-1,-15
DL,JFK,LAS,47,32
DL,SFO,ATL,-2,9
DL,JFK,ATL,-4,7
DL,JFK,LAS,-2,-20
DL,JFK,LAS,-10,-22
DL,JFK,ATL,-6,-9
DL,JFK,ATL,-3,-3
DL,JFK,LAS,-4,-31
DL,SFO,ATL,0,-9
DL,SFO,ATL,14,1
DL,JFK,ATL,8,-10
DL,JFK,LAS,9,2
DL,SFO,ATL,14,-26
DL,JFK,LAS,109,102
DL,SFO,ATL,-3,-36
DL,JFK,ATL,133,117
DL,JFK,LAS,-5,-16
DL,JFK,LAS,-3,5
DL,JFK,ATL,-3,-27
DL,JFK,ATL,-3,-5
DL,JFK,ATL,158,145
DL,JFK,LAS,4,-1
DL,SFO,ATL,0,-11
DL,SFO,ATL,5,3
DL,SFO,ATL,1,-3
DL,SFO,ATL,-5,-20
DL,JFK,ATL,-2,-7
DL,SFO,ATL,-1,-23
DL,JFK,LAS,2,-9
DL,SFO,ATL,-2,-24
DL,JFK,ATL,-1,-26
DL,JFK,ATL,-5,4
DL,JFK,LAS,-2,9
DL,JFK,LAS,2,21
DL,JFK,ATL,0,0
DL,JFK,LAS,-3,21
DL,JFK,ATL,98,80
DL,SFO,ATL,-1,-19
DL,SFO,ATL,15,-7
DL,JFK,ATL,233,199
DL,JFK,LAS,-8,-5
DL,SFO,ATL,12,-12
DL,SFO,ATL,38,5
DL,SFO,ATL,5,-22
DL,SFO,ATL,5,-10
DL,SFO,ATL,-2,-26
DL,SFO,ATL,-3,-36
DL,SFO,ATL,-2,-20
DL,JFK,ATL,8,-12
DL,JFK,ATL,0,-7
DL,JFK,ATL,-4,-5
DL,SFO,ATL,-3,-28
DL,SFO,ATL,-4,-15
DL,JFK,LAS,-5,-25
DL,JFK,ATL,0,-18
DL,SFO,ATL,-1,-17
DL,SFO,ATL,-2,-13
DL,JFK,ATL,-2,-33
DL,JFK,ATL,-4,-4
DL,JFK,ATL,41,29
DL,JFK,LAS,-7,-24
DL,JFK,LAS,-1,-20
DL,JFK,LAS,-3,-18
DL,JFK,ATL,3,-7
DL,JFK,ATL,-2,5
DL,JFK,LAS,-13,-59
DL,JFK,ATL,1,-1
DL,SFO,ATL,16,-5
DL,SFO,ATL,59,37
DL,JFK,LAS,-3,17
DL,SFO,ATL,-3,-36
DL,SFO,ATL,-3,-23
DL,JFK,ATL,-1,-16
DL,JFK,ATL,-7,-13
DL,JFK,LAS,-4,-12
DL,JFK,LAS,-5,-33
DL,JFK,LAS,19,24
DL,JFK,ATL,-4,-2
DL,SFO,ATL,-6,-22
DL,SFO,ATL,-6,-20
DL,SFO,ATL,23,26
DL,JFK,ATL,-9,-42
DL,SFO,ATL,0,13
DL,SFO,ATL,-11,-13
DL,SFO,ATL,-6,-3
DL,JFK,ATL,-8,-5
DL,JFK,ATL,4,-21
DL,SFO,ATL,-1,-12
DL,SFO,ATL,12,20
DL,SFO,ATL,-1,-22
DL,JFK,LAS,-9,-28
DL,SFO,ATL,0,-7
DL,JFK,ATL,-2,-29
DL,JFK,LAS,-2,-20
DL,JFK,ATL,-5,-26
DL,JFK,ATL,0,-9
DL,JFK,LAS,-3,-21
DL,JFK,ATL,-2,-35
DL,JFK,ATL,-7,-43
DL,JFK,ATL,0,-42
DL,SFO,ATL,-3,-13
DL,JFK,LAS,-8,-27
DL,SFO,ATL,5,-6
DL,SFO,ATL,0,-22
DL,JFK,LAS,128,100
DL,SFO,ATL,-3,-11
DL,JFK,LAS,-7,-20
DL,JFK,ATL,-5,-20
DL,JFK,LAS,15,-4
DL,JFK,LAS,-5,-17
DL,JFK,ATL,-4,-22
DL,JFK,ATL,8,-6
DL,JFK,ATL,-6,-14
DL,JFK,LAS,-1,-8
DL,JFK,ATL,0,-22
DL,SFO,ATL,4,-26
DL,JFK,LAS,0,-31
DL,SFO,ATL,-2,-24
DL,JFK,LAS,-10,-24
DL,JFK,ATL,22,-20
DL,JFK,LAS,101,75
DL,JFK,ATL,-1,-30
DL,JFK,ATL,-1,-15
DL,JFK,ATL,-3,-6
DL,JFK,LAS,11,11
DL,SFO,ATL,-4,-18
DL,SFO,ATL,23,7
DL,SFO,ATL,-2,7
DL,SFO,ATL,-3,-19
DL,JFK,ATL,17,-23
DL,SFO,ATL,0,-12
DL,SFO,ATL,12,9
DL,JFK,ATL,-3,-28
DL,SFO,ATL,9,-13
DL,SFO,ATL,1,-19
DL,SFO,ATL,-3,-5
DL,SFO,ATL,-7,-25
DL,JFK,ATL,-2,-29
DL,SFO,ATL,-7,-6
DL,JFK,ATL,-2,-38
DL,SFO,ATL,1,-15
DL,SFO,ATL,1,-26
DL,JFK,ATL,-7,-39
DL,JFK,LAS,-2,-23
DL,JFK,ATL,-1,-23
DL,JFK,LAS,-7,-2
DL,JFK,ATL,-4,-31
DL,SFO,ATL,30,21
DL,SFO,ATL,-7,-38
DL,SFO,ATL,-3,-9
DL,SFO,ATL,0,-14
DL,JFK,LAS,0,-8
DL,SFO,ATL,-5,-9
DL,SFO,ATL,1,-19
DL,JFK,LAS,-1,-11
DL,SFO,ATL,-11,-35
DL,JFK,ATL,-6,-26
DL,JFK,ATL,-8,-40
DL,JFK,ATL,-6,-37
DL,JFK,LAS,-2,3
DL,JFK,ATL,-4,-19
DL,JFK,ATL,-4,-32
DL,SFO,ATL,-4,-22
DL,SFO,ATL,-5,-19
DL,JFK,ATL,-4,-34
DL,JFK,ATL,-5,-30
DL,SFO,ATL,18,26
DL,SFO,ATL,-2,-7
DL,JFK,LAS,-8,17
DL,JFK,ATL,-2,-29
DL,JFK,LAS,-2,-5
DL,JFK,ATL,-2,-29
DL,JFK,LAS,-3,23
DL,JFK,ATL,0,-24
DL,JFK,LAS,-1,0
DL,SFO,ATL,-2,-6
DL,SFO,ATL,-5,-25
DL,JFK,ATL,-10,-40
DL,JFK,ATL,-5,-30
DL,JFK,ATL,-4,-29
DL,SFO,ATL,58,32
DL,SFO,ATL,-4,-26
DL,JFK,ATL,102,66
DL,JFK,ATL,-4,-36
DL,JFK,LAS,-10,-1
DL,SFO,ATL,-2,-8
DL,SFO,ATL,-7,-7
DL,JFK,ATL,-5,-21
DL,JFK,ATL,-2,-8
DL,JFK,LAS,-6,-7
DL,JFK,LAS,-3,-14
DL,JFK,ATL,-5,-26
DL,JFK,LAS,-8,-38
DL,SFO,ATL,6,2
DL,JFK,ATL,0,-34
DL,SFO,ATL,1,-28
DL,JFK,LAS,33,7
DL,SFO,ATL,0,-23
DL,JFK,LAS,2,-4
DL,JFK,LAS,-4,-29
DL,JFK,ATL,-6,-29
DL,JFK,ATL,-3,-19
DL,JFK,ATL,-7,-23
DL,JFK,LAS,-3,-26
DL,JFK,ATL,-2,-27
DL,SFO,ATL,5,-13
DL,SFO,ATL,-1,-25
DL,SFO,ATL,20,4
DL,JFK,LAS,-3,-2
DL,JFK,ATL,9,-30
DL,SFO,ATL,-2,-3
DL,SFO,ATL,47,34
DL,SFO,ATL,0,-33
DL,SFO,ATL,2,-23
DL,SFO,ATL,-1,-24
DL,JFK,ATL,-1,-40
DL,SFO,ATL,-5,-23
DL,SFO,ATL,-7,-4
DL,SFO,ATL,-1,-18
DL,JFK,ATL,0,-15
DL,JFK,ATL,-2,-28
DL,SFO,ATL,-4,-35
DL,JFK,LAS,-10,24
DL,SFO,ATL,-2,-18
DL,SFO,ATL,-1,-20
DL,SFO,ATL,9,0
DL,SFO,ATL,-2,-15
DL,JFK,LAS,93,112
DL,SFO,ATL,-4,-24
DL,JFK,LAS,-1,40
DL,JFK,ATL,-5,-6
DL,JFK,LAS,4,30
DL,JFK,ATL,-1,-24
DL,JFK,LAS,7,8
DL,JFK,ATL,-5,-20
DL,JFK,LAS,-5,2
DL,JFK,ATL,-3,-25
F9,SFO,LAS,-4,-6
F9,SFO,ORD,13,6
F9,SFO,LAS,-3,-3
F9,SFO,ORD,-6,4
F9,SFO,ORD,31,39
F9,SFO,LAS,-3,20
F9,SFO,LAS,-8,-8
F9,SFO,ORD,-5,16
F9,SFO,ORD,-9,1
F9,SFO,LAS,-7,-4
F9,SFO,LAS,-10,-17
F9,SFO,ORD,13,35
F9,SFO,LAS,3,-1
F9,SFO,ORD,-6,10
F9,SFO,LAS,-13,-22
F9,SFO,LAS,366,349
F9,SFO,ORD,-5,-22
F9,SFO,LAS,68,57
F9,SFO,ORD,225,254
F9,SFO,LAS,-8,-4
F9,SFO,ORD,-5,8
F9,SFO,ORD,-8,3
F9,SFO,LAS,-20,-18
F9,SFO,ORD,1,16
F9,SFO,LAS,17,28
F9,SFO,LAS,-8,8
F9,SFO,ORD,16,9
F9,SFO,LAS,-7,2
F9,SFO,ORD,35,16
F9,SFO,LAS,-10,1
F9,SFO,ORD,16,18
F9,SFO,ORD,22,15
F9,SFO,LAS,-10,-24
F9,SFO,LAS,15,1
F9,SFO,ORD,0,10
F9,SFO,LAS,-12,-20
F9,SFO,ORD,10,9
F9,SFO,LAS,-14,32
F9,SFO,ORD,-8,-8
F9,SFO,ORD,3,17
F9,SFO,LAS,-13,5
F9,SFO,ORD,-8,-10
F9,SFO,LAS,35,42
F9,SFO,ORD,-5,18
F9,SFO,LAS,-15,6
F9,SFO,ORD,-7,12
F9,SFO,LAS,-9,-13
F9,SFO,ORD,-9,63
F9,SFO,LAS,-3,-1
F9,SFO,ORD,70,101
F9,SFO,LAS,-5,-13
F9,SFO,LAS,46,34
F9,SFO,ORD,140,178
F9,SFO,ORD,1,-4
F9,SFO,LAS,25,18
F9,SFO,LAS,-7,2
F9,SFO,ORD,77,75
F9,SFO,LAS,-13,-8
F9,SFO,ORD,-2,-9
OO,SFO,LAS,-1,6
OO,SFO,LAS,13,2
OO,SFO,LAS,76,63
OO,SFO,LAS,85,71
OO,SFO,LAS,-4,-3
OO,SFO,LAS,12,13
OO,SFO,LAS,31,32
OO,SFO,LAS,27,23
OO,SFO,LAS,55,50
OO,SFO,LAS,-8,-10
OO,SFO,LAS,-8,-11
OO,SFO,LAS,-1,-10
OO,SFO,LAS,-2,-14
OO,SFO,LAS,-1,-1
OO,SFO,LAS,-3,9
OO,SFO,LAS,-2,-10
OO,SFO,LAS,-3,-1
OO,SFO,LAS,-4,-2
OO,SFO,LAS,-3,1
OO,SFO,LAS,-7,-6
OO,SFO,LAS,-3,-4
OO,SFO,LAS,-8,-1
OO,SFO,LAS,-5,-2
OO,SFO,LAS,4,-3
OO,SFO,LAS,10,6
OO,SFO,LAS,29,33
OO,SFO,LAS,6,2
OO,SFO,LAS,33,32
OO,SFO,LAS,7,1
OO,SFO,LAS,0,-2
OO,SFO,LAS,0,4
OO,SFO,LAS,7,0
OO,SFO,LAS,-7,-14
OO,SFO,LAS,-1,-7
OO,SFO,LAS,-3,-7
OO,SFO,LAS,-4,-8
OO,SFO,LAS,-2,-6
OO,SFO,LAS,-6,-18
OO,SFO,LAS,-5,-12
OO,SFO,LAS,-2,-6
OO,SFO,LAS,8,6
OO,SFO,LAS,0,0
OO,SFO,LAS,-3,-10
OO,SFO,LAS,-5,1
OO,SFO,LAS,-4,-1
OO,SFO,LAS,-11,-20
OO,SFO,LAS,-9,-16
OO,SFO,LAS,-6,-3
OO,SFO,LAS,-2,-1
OO,SFO,LAS,93,80
OO,SFO,LAS,-5,-12
OO,SFO,LAS,9,-2
OO,SFO,LAS,-3,8
OO,SFO,LAS,-4,-13
OO,SFO,LAS,6,-1
OO,SFO,LAS,-4,-11
OO,SFO,LAS,0,1
OO,SFO,LAS,-3,-5
OO,SFO,LAS,59,94
OO,SFO,LAS,-8,-15
OO,SFO,LAS,-12,-11
OO,SFO,LAS,0,4
OO,SFO,LAS,-5,-6
OO,SFO,LAS,-2,-1
OO,SFO,LAS,-1,-6
OO,SFO,LAS,-3,-8
OO,SFO,LAS,-10,-14
OO,SFO,LAS,-1,-10
OO,SFO,LAS,-13,-7
OO,SFO,LAS,-9,-6
OO,SFO,LAS,-5,-14
OO,SFO,LAS,-6,-3
OO,SFO,LAS,18,26
OO,SFO,LAS,-3,-9
OO,SFO,LAS,-12,-8
OO,SFO,LAS,-7,-9
OO,SFO,LAS,57,56
OO,SFO,LAS,5,-1
OO,SFO,LAS,34,33
OO,SFO,LAS,26,15
OO,SFO,LAS,-3,-4
OO,SFO,LAS,-4,-3
OO,SFO,LAS,-5,-3
UA,SFO,LAS,-1,-11
UA,SFO,LAS,66,56
UA,SFO,ORD,-4,-18
UA,SFO,LAS,-3,-16
UA,SFO,LAS,-4,-17
UA,SFO,ATL,1,-12
UA,SFO,LAS,1,-15
UA,SFO,ORD,-3,-25
UA,SFO,ORD,8,21
UA,SFO,ORD,154,126
UA,SFO,ORD,9,-9
UA,SFO,ORD,1,-6
UA,SFO,ATL,31,8
UA,SFO,ORD,384,367
UA,SFO,ORD,8,-9
UA,SFO,ORD,146,135
UA,SFO,ORD,-8,-23
UA,SFO,LAS,6,-11
UA,SFO,ORD,-7,-20
UA,SFO,ORD,2,-10
UA,SFO,LAS,-5,-11
UA,SFO,ORD,-1,-23
UA,SFO,ATL,3,-18
UA,SFO,LAS,-6,-18
UA,SFO,ORD,-5,-32
UA,SFO,ORD,-4,-17
UA,SFO,ORD,2,-9
UA,SFO,ORD,-12,-36
UA,SFO,ORD,79,60
UA,SFO,ORD,-7,-21
UA,SFO,LAS,-4,-20
UA,SFO,ORD,10,2
UA,SFO,ORD,-7,-13
UA,SFO,LAS,-3,-18
UA,SFO,ORD,-3,-21
UA,SFO,ORD,0,-8
UA,SFO,ORD,12,-7
UA,SFO,ORD,-2,-17
UA,SFO,ORD,89,67
UA,SFO,ORD,-4,-29
UA,SFO,LAS,-9,-20
UA,SFO,LAS,-7,-14
UA,SFO,ORD,-2,-34
UA,SFO,ORD,-6,-11
UA,SFO,ORD,-2,1
UA,SFO,LAS,35,23
UA,SFO,ORD,0,-21
UA,SFO,ORD,4,-8
UA,SFO,ORD,-10,-27
UA,SFO,ORD,-8,-45
UA,SFO,LAS,-8,-26
UA,SFO,ORD,0,-9
UA,SFO,ORD,-6,-29
UA,SFO,LAS,14,0
UA,SFO,ORD,1,-29
UA,SFO,LAS,-5,-4
UA,SFO,LAS,-10,-30
UA,SFO,LAS,-1,-16
UA,SFO,ORD,-2,-16
UA,SFO,LAS,-5,-16
UA,SFO,ORD,-8,-41
UA,SFO,ORD,39,3
UA,SFO,ORD,-5,-26
UA,SFO,LAS,1,-17
UA,SFO,ATL,-7,-11
UA,SFO,ORD,-7,-29
UA,SFO,ORD,-3,-46
UA,SFO,LAS,21,30
UA,SFO,ORD,47,18
UA,SFO,ORD,-3,-29
UA,SFO,LAS,-6,-15
UA,SFO,ORD,18,2
UA,SFO,ATL,10,-12
UA,SFO,ORD,-5,-35
UA,SFO,ATL,-8,-16
UA,SFO,LAS,-11,-20
UA,SFO,ATL,-3,-28
UA,SFO,ORD,-4,-16
UA,SFO,ORD,-5,-24
UA,SFO,ORD,3,-10
UA,SFO,ORD,-4,-18
UA,SFO,ATL,5,-10
UA,SFO,ORD,-5,-27
UA,SFO,LAS,-4,-30
UA,SFO,ORD,32,8
UA,SFO,ORD,0,-22
UA,SFO,LAS,34,18
UA,SFO,ORD,133,105
UA,SFO,LAS,26,19
UA,SFO,LAS,-4,-16
UA,SFO,ORD,-1,-15
UA,SFO,LAS,-3,-17
UA,SFO,LAS,-9,-14
UA,SFO,ATL,22,2
UA,SFO,ORD,-1,-22
UA,SFO,LAS,-2,-4
UA,SFO,ORD,-3,-22
UA,SFO,ORD,-1,-18
UA,SFO,LAS,0,-16
UA,SFO,ORD,-9,-37
UA,SFO,LAS,-4,-19
UA,SFO,ORD,-4,-24
UA,SFO,ORD,-5,-23
UA,SFO,ORD,0,-23
UA,SFO,ORD,-5,-37
UA,SFO,ORD,-7,-33
UA,SFO,ORD,-4,-18
UA,SFO,LAS,-9,-24
UA,SFO,ATL,-2,-23
UA,SFO,ATL,2,-18
UA,SFO,ORD,-1,-13
UA,SFO,LAS,-4,-15
UA,SFO,ORD,-7,-36
UA,SFO,ORD,-1,-11
UA,SFO,ORD,-9,-45
UA,SFO,LAS,-4,-18
UA,SFO,ORD,11,-10
UA,SFO,ORD,-10,-33
UA,SFO,ORD,-5,-31
UA,SFO,ORD,-2,-5
UA,SFO,ORD,-3,-19
UA,SFO,ATL,23,10
UA,SFO,ORD,-1,-22
UA,SFO,ORD,-7,-23
UA,SFO,LAS,-6,-22
UA,SFO,LAS,-6,-19
UA,SFO,LAS,-8,-14
UA,SFO,LAS,0,-14
UA,SFO,ORD,0,-5
UA,SFO,ORD,-3,-10
UA,SFO,LAS,-2,-5
UA,SFO,ORD,0,-2
UA,SFO,ORD,1,-13
UA,SFO,ORD,-4,-3
UA,SFO,ORD,-4,-20
UA,SFO,ORD,42,22
UA,SFO,LAS,-2,-11
UA,SFO,ATL,-6,-28
UA,SFO,ATL,8,1
UA,SFO,ORD,1,-13
UA,SFO,LAS,-7,-2
UA,SFO,LAS,-2,-12
UA,SFO,ORD,-5,-11
UA,SFO,LAS,-2,-14
UA,SFO,LAS,-5,-23
UA,SFO,ORD,2,-17
UA,SFO,ORD,362,348
UA,SFO,LAS,5,-2
UA,SFO,ATL,2,3
UA,SFO,LAS,-2,-9
UA,SFO,ORD,4,-9
UA,SFO,LAS,1,-2
UA,SFO,ORD,10,-12
UA,SFO,ORD,-6,-13
UA,SFO,LAS,-3,18
UA,SFO,LAS,3,-16
UA,SFO,ORD,5,-27
UA,SFO,LAS,1,-14
UA,SFO,ORD,-5,-39
UA,SFO,ORD,8,-19
UA,SFO,ORD,0,-48
UA,SFO,ORD,-3,-11
UA,SFO,ORD,-2,-15
UA,SFO,ORD,-1,-33
UA,SFO,LAS,157,146
UA,SFO,ORD,-2,-31
UA,SFO,ORD,0,-17
UA,SFO,ORD,-1,-23
UA,SFO,LAS,-4,-12
UA,SFO,ORD,-1,-34
UA,SFO,ORD,0,-21
UA,SFO,ORD,23,-8
UA,SFO,ORD,-1,-16
UA,SFO,LAS,-2,-16
UA,SFO,ORD,16,96
UA,SFO,LAS,-4,-14
UA,SFO,LAS,-6,-23
UA,SFO,ORD,481,488
UA,SFO,ORD,6,158
UA,SFO,ORD,13,1
UA,SFO,ORD,-2,-11
UA,SFO,ORD,2,-8
UA,SFO,ORD,243,259
UA,SFO,LAS,13,-8
UA,SFO,ATL,0,-35
UA,SFO,ORD,2,-19
UA,SFO,ORD,-3,-20
UA,SFO,ORD,-6,-15
UA,SFO,LAS,-7,-19
UA,SFO,ORD,68,49
UA,SFO,LAS,-8,-21
UA,SFO,ATL,-2,-30
UA,SFO,ORD,-6,-26
UA,SFO,LAS,-1,-14
UA,SFO,ATL,10,-13
UA,SFO,ORD,0,-15
UA,SFO,ORD,-4,-33
UA,SFO,ORD,6,-24
UA,SFO,LAS,-2,-9
UA,SFO,ORD,-3,1
UA,SFO,LAS,75,64
UA,SFO,LAS,37,20
UA,SFO,ORD,-1,-10
UA,SFO,LAS,14,1
UA,SFO,ORD,-1,3
UA,SFO,ORD,17,52
UA,SFO,ORD,-1,5
UA,SFO,ORD,-2,-3
UA,SFO,ORD,3,-6
UA,SFO,ORD,25,31
UA,SFO,ORD,-1,14
UA,SFO,ORD,5,12
UA,SFO,LAS,-8,-22
UA,SFO,LAS,26,9
UA,SFO,LAS,93,72
UA,SFO,ORD,-3,-34
UA,SFO,ORD,-4,-33
UA,SFO,LAS,31,17
UA,SFO,LAS,-5,-19
UA,SFO,ORD,-4,-38
UA,SFO,LAS,-6,-29
UA,SFO,ORD,67,29
UA,SFO,ORD,4,-3
UA,SFO,ORD,26,6
UA,SFO,LAS,-2,-10
UA,SFO,ORD,8,-23
UA,SFO,ORD,-2,-31
UA,SFO,ORD,-1,-15
UA,SFO,ORD,-3,-34
UA,SFO,ORD,12,-12
UA,SFO,ORD,-1,-23
UA,SFO,LAS,-7,-19
UA,SFO,ATL,43,17
UA,SFO,ORD,10,0
UA,SFO,ORD,-2,-5
UA,SFO,ORD,50,51
UA,SFO,ORD,34,69
UA,SFO,LAS,-7,-21
UA,SFO,ATL,1,-16
UA,SFO,ORD,5,10
UA,SFO,ORD,104,94
UA,SFO,ORD,0,-18
UA,SFO,ORD,315,297
UA,SFO,ORD,137,177
UA,SFO,ORD,227,208
UA,SFO,ORD,93,82
UA,SFO,LAS,1,-19
UA,SFO,ORD,189,204
UA,SFO,ATL,-1,-5
UA,SFO,ORD,99,109
UA,SFO,ATL,-5,-14
UA,SFO,LAS,-3,-11
UA,SFO,ORD,-2,-5
UA,SFO,ORD,3,-5
UA,SFO,ORD,-1,26
UA,SFO,LAS,9,7
UA,SFO,LAS,-7,8
UA,SFO,ORD,1,-5
UA,SFO,LAS,27,36
UA,SFO,ORD,-3,-8
UA,SFO,ORD,14,7
UA,SFO,ORD,-3,-11
UA,SFO,ORD,-1,-24
UA,SFO,LAS,3,5
UA,SFO,ORD,-3,-7
UA,SFO,ORD,23,5
UA,SFO,ORD,56,34
UA,SFO,ORD,-4,-19
UA,SFO,ORD,34,26
UA,SFO,ORD,0,-8
UA,SFO,ORD,-1,0
UA,SFO,ORD,3,8
UA,SFO,LAS,-9,-16
UA,SFO,LAS,2,8
UA,SFO,ORD,0,-1
UA,SFO,LAS,-3,0
UA,SFO,LAS,-1,-12
UA,SFO,ORD,4,-2
UA,SFO,LAS,-1,-9
UA,SFO,ORD,2,4
UA,SFO,ORD,-2,-3
UA,SFO,ORD,3,-10
UA,SFO,ORD,-3,0
UA,SFO,ORD,0,13
UA,SFO,ORD,15,9
UA,SFO,LAS,-6,-15
UA,SFO,ATL,-5,-19
UA,SFO,LAS,-5,-13
UA,SFO,ORD,1,7
UA,SFO,ORD,0,-17
UA,SFO,LAS,-5,-15
UA,SFO,ORD,-7,-12
UA,SFO,ORD,-5,-22
UA,SFO,LAS,0,6
UA,SFO,LAS,-1,-13
UA,SFO,ORD,18,-1
UA,SFO,LAS,-3,-4
UA,SFO,ORD,-3,-14
UA,SFO,ORD,-4,9
UA,SFO,ORD,11,0
UA,SFO,LAS,-4,-22
UA,SFO,ATL,-7,9
UA,SFO,ORD,19,26
UA,SFO,LAS,-4,-15
UA,SFO,ATL,46,34
UA,SFO,LAS,23,31
UA,SFO,ORD,0,-6
UA,SFO,ORD,0,-11
UA,SFO,LAS,-4,-15
UA,SFO,LAS,-7,-22
UA,SFO,ORD,-1,-18
UA,SFO,ORD,-6,-18
UA,SFO,ORD,20,13
UA,SFO,ORD,6,-19
UA,SFO,ORD,-5,-21
UA,SFO,ORD,-4,-2
UA,SFO,ORD,-4,-20
UA,SFO,LAS,-5,-23
UA,SFO,ATL,-3,-21
UA,SFO,ORD,-1,-6
UA,SFO,LAS,65,49
UA,SFO,ORD,4,1
UA,SFO,ORD,125,99
UA,SFO,LAS,3,0
UA,SFO,ORD,-4,-21
UA,SFO,ORD,10,7
UA,SFO,LAS,0,-6
UA,SFO,LAS,-1,17
UA,SFO,ORD,39,31
UA,SFO,LAS,-5,-21
UA,SFO,ORD,74,60
UA,SFO,ORD,11,15
UA,SFO,ORD,-2,-17
UA,SFO,ORD,-3,-8
UA,SFO,ORD,5,1
UA,SFO,ORD,-2,-21
UA,SFO,LAS,-6,-24
UA,SFO,ORD,1,9
UA,SFO,ORD,3,8
UA,SFO,LAS,-7,-23
UA,SFO,ATL,-6,-4
UA,SFO,ATL,-2,-1
UA,SFO,ORD,-5,-14
UA,SFO,ORD,-6,-18
UA,SFO,ORD,-3,-34
UA,SFO,LAS,16,10
UA,SFO,ORD,-1,-23
UA,SFO,LAS,-3,-13
UA,SFO,LAS,4,-13
UA,SFO,ORD,85,61
UA,SFO,LAS,-7,-21
UA,SFO,ORD,-8,-24
UA,SFO,ORD,13,-10
UA,SFO,LAS,-6,-18
UA,SFO,ATL,2,-2
UA,SFO,ORD,4,28
UA,SFO,ORD,-3,-27
UA,SFO,LAS,-6,-22
UA,SFO,LAS,-1,-9
UA,SFO,ORD,12,6
UA,SFO,ORD,59,53
UA,SFO,LAS,-5,-13
UA,SFO,LAS,15,2
UA,SFO,ORD,2,-17
UA,SFO,LAS,-5,-20
UA,SFO,ORD,0,-8
UA,SFO,ORD,-2,2
UA,SFO,ORD,-2,-27
UA,SFO,LAS,171,155
UA,SFO,ORD,-1,-16
UA,SFO,ORD,6,-3
UA,SFO,ORD,-4,-5
UA,SFO,ORD,-1,-25
UA,SFO,ORD,8,5
UA,SFO,ORD,-3,-10
UA,SFO,LAS,-4,-22
UA,SFO,ATL,55,38
UA,SFO,ORD,2,-10
UA,SFO,ORD,12,-6
UA,SFO,ORD,114,116
UA,SFO,ORD,8,-10
UA,SFO,ORD,-3,-28
UA,SFO,ORD,19,10
UA,SFO,ORD,19,-6
UA,SFO,ORD,-4,-17
UA,SFO,LAS,0,-13
UA,SFO,ORD,-10,-14
UA,SFO,LAS,79,64
UA,SFO,ORD,-5,-13
UA,SFO,LAS,10,1
UA,SFO,LAS,35,22
UA,SFO,ORD,-3,-36
UA,SFO,LAS,1,-11
UA,SFO,ORD,-7,-30
UA,SFO,ORD,12,-5
UA,SFO,ORD,24,1
UA,SFO,LAS,-6,-18
UA,SFO,LAS,31,28
UA,SFO,ORD,3,-20
UA,SFO,LAS,-1,-12
UA,SFO,LAS,4,-9
UA,SFO,ORD,38,17
UA,SFO,LAS,34,17
UA,SFO,ORD,-4,-6
UA,SFO,ORD,-4,-42
UA,SFO,ORD,-1,-13
UA,SFO,ORD,2,-5
UA,SFO,LAS,25,12
UA,SFO,ORD,-5,18
UA,SFO,ORD,0,4
UA,SFO,ORD,-5,-15
UA,SFO,ORD,9,-18
UA,SFO,ORD,21,10
UA,SFO,LAS,-6,-20
UA,SFO,ORD,-3,-17
UA,SFO,ATL,-4,-30
UA,SFO,ORD,-2,-3
UA,SFO,ATL,39,20
UA,SFO,LAS,-5,-13
UA,SFO,ORD,10,0
UA,SFO,LAS,-3,-12
UA,SFO,ORD,139,108
UA,SFO,LAS,0,-9
UA,SFO,LAS,-9,-12
UA,SFO,ORD,-3,-16
UA,SFO,LAS,-1,-14
UA,SFO,ORD,122,103
UA,SFO,ORD,3,-12
UA,SFO,ORD,-7,-12
UA,SFO,ORD,-2,-18
UA,SFO,LAS,3,-13
UA,SFO,ORD,7,-1
UA,SFO,ORD,-1,-16
UA,SFO,LAS,-8,-26
UA,SFO,ATL,21,7
UA,SFO,ORD,3,-22
UA,SFO,ATL,0,-15
UA,SFO,ORD,4,11
UA,SFO,LAS,-8,-17
UA,SFO,ORD,20,8
UA,SFO,LAS,-3,-14
UA,SFO,ATL,-10,-16
UA,SFO,LAS,-8,-21
UA,SFO,ORD,2,3
UA,SFO,ORD,0,-5
UA,SFO,ORD,6,-14
UA,SFO,LAS,14,12
UA,SFO,ORD,-1,-10
UA,SFO,ORD,-1,-6
UA,SFO,LAS,-4,-5
UA,SFO,LAS,7,-7
UA,SFO,ORD,1,-4
UA,SFO,LAS,-5,-12
UA,SFO,ORD,38,31
UA,SFO,ATL,-6,-14
UA,SFO,ORD,114,99
UA,SFO,LAS,-2,-8
UA,SFO,ATL,-7,-18
UA,SFO,LAS,40,26
UA,SFO,ORD,-2,-15
UA,SFO,ORD,0,-7
UA,SFO,LAS,-8,-14
UA,SFO,LAS,-8,-20
UA,SFO,ORD,-4,-22
UA,SFO,ORD,-6,-5
UA,SFO,ORD,-3,-12
UA,SFO,ORD,-4,-16
UA,SFO,ORD,-3,-7
UA,SFO,ORD,15,-1
UA,SFO,ORD,1,-13
UA,SFO,ORD,45,35
UA,SFO,ORD,2,-12
UA,SFO,LAS,204,197
UA,SFO,LAS,147,132
UA,SFO,ORD,3,-15
UA,SFO,ORD,35,45
UA,SFO,LAS,-1,-9
UA,SFO,LAS,-1,-13
UA,SFO,ORD,0,-26
UA,SFO,LAS,118,103
UA,SFO,ORD,-4,-20
UA,SFO,ORD,-3,-21
UA,SFO,ORD,-2,-17
UA,SFO,ORD,0,-17
UA,SFO,ORD,130,101
UA,SFO,ORD,4,-12
UA,SFO,ORD,4,-1
UA,SFO,LAS,-7,-24
UA,SFO,ATL,-1,-22
UA,SFO,ORD,-2,-15
UA,SFO,ORD,7,-6
UA,SFO,ORD,32,30
UA,SFO,ORD,-3,-20
UA,SFO,LAS,0,-14
UA,SFO,ORD,-2,-15
UA,SFO,ORD,-4,-13
UA,SFO,ORD,4,-3
UA,SFO,LAS,-2,-10
UA,SFO,ORD,3,-8
UA,SFO,ORD,-6,-7
UA,SFO,LAS,-8,-19
UA,SFO,ATL,25,21
UA,SFO,ATL,8,6
UA,SFO,ORD,-2,-10
UA,SFO,ORD,3,-21
UA,SFO,ORD,-4,-25
UA,SFO,ORD,-2,-23
UA,SFO,ORD,3,3
UA,SFO,ORD,-1,-8
UA,SFO,LAS,-2,-13
UA,SFO,ORD,11,-4
UA,SFO,ORD,0,-24
UA,SFO,ORD,-4,-22
UA,SFO,ORD,1,-24
UA,SFO,ORD,2,17
UA,SFO,ORD,1,-16
UA,SFO,LAS,-8,-19
UA,SFO,LAS,-7,-15
UA,SFO,ORD,2,-10
UA,SFO,ORD,-3,-29
UA,SFO,LAS,5,-4
UA,SFO,ORD,-7,-36
UA,SFO,LAS,-2,-7
UA,SFO,LAS,-6,-23
UA,SFO,ORD,5,-19
UA,SFO,LAS,-1,-12
UA,SFO,ORD,-1,-18
UA,SFO,ORD,92,67
UA,SFO,ORD,-4,-21
UA,SFO,ORD,-2,-18
UA,SFO,ORD,-3,-13
UA,SFO,ORD,-2,-13
UA,SFO,ORD,-7,-38
UA,SFO,ORD,3,-17
UA,SFO,ORD,-3,-13
UA,SFO,LAS,0,-13
UA,SFO,ORD,4,-14
UA,SFO,ORD,-8,-22
UA,SFO,LAS,4,-9
UA,SFO,ORD,-4,-29
UA,SFO,ORD,7,-6
UA,SFO,ORD,6,-6
UA,SFO,ORD,-1,-19
UA,SFO,ORD,4,-8
UA,SFO,ORD,4,8
UA,SFO,LAS,-4,-19
UA,SFO,ATL,2,-4
UA,SFO,ORD,-4,-7
UA,SFO,ATL,-7,-20
UA,SFO,ORD,46,9
UA,SFO,ORD,39,16
UA,SFO,ORD,3,-18
UA,SFO,ORD,5,-18
UA,SFO,ORD,8,-6
UA,SFO,ORD,-1,-34
UA,SFO,ORD,23,-14
UA,SFO,ORD,3,0
UA,SFO,ORD,4,-13
UA,SFO,LAS,-5,-23
UA,SFO,ATL,-2,-25
UA,SFO,ORD,5,-14
UA,SFO,ORD,14,-11
UA,SFO,ORD,10,-9
UA,SFO,ORD,-2,3
UA,SFO,ORD,39,23
UA,SFO,LAS,-11,-26
UA,SFO,ATL,-5,-9
UA,SFO,ORD,-3,-19
UA,SFO,ATL,-4,-18
UA,SFO,ORD,-12,-19
UA,SFO,ORD,3,-16
UA,SFO,ORD,41,4
UA,SFO,LAS,29,16
UA,SFO,LAS,2,12
UA,SFO,ORD,49,50
UA,SFO,LAS,-2,0
UA,SFO,LAS,-3,-16
UA,SFO,ORD,8,-35
UA,SFO,LAS,87,69
UA,SFO,ATL,-1,-7
UA,SFO,ORD,-5,-20
UA,SFO,ORD,63,26
UA,SFO,LAS,-6,-24
UA,SFO,LAS,-1,-12
UA,SFO,ORD,-1,-25
UA,SFO,LAS,22,4
UA,SFO,ORD,-1,-36
UA,SFO,ORD,-1,-22
UA,SFO,ORD,-8,-34
UA,SFO,ORD,5,-22
UA,SFO,LAS,2,-8
UA,SFO,ORD,9,-25
UA,SFO,ORD,66,39
UA,SFO,ORD,-5,-23
UA,SFO,ORD,-6,-39
UA,SFO,LAS,-3,-13
UA,SFO,ORD,-3,-26
UA,SFO,ORD,-1,1
UA,SFO,LAS,-8,-27
UA,SFO,LAS,-7,-21
UA,SFO,ATL,2,-2
UA,SFO,LAS,-3,-3
UA,SFO,ATL,-2,-8
UA,SFO,ORD,-1,-33
UA,SFO,ORD,-5,-13
UA,SFO,LAS,-4,-10
UA,SFO,ORD,-2,-13
UA,SFO,ORD,-9,-29
UA,SFO,ORD,2,-6
UA,SFO,ORD,-3,-18
UA,SFO,ORD,3,-10
UA,SFO,LAS,-5,-12
UA,SFO,ORD,15,2
UA,SFO,ORD,3,-22
UA,SFO,ORD,-8,-28
UA,SFO,ORD,-4,-23
UA,SFO,ORD,-2,-13
UA,SFO,ORD,2,-3
UA,SFO,LAS,-9,-24
UA,SFO,LAS,-6,-18
UA,SFO,LAS,3,-9
UA,SFO,ORD,-2,-15
UA,SFO,ORD,-4,-19
UA,SFO,ATL,-6,-33
UA,SFO,ORD,2,5
UA,SFO,ATL,3,2
UA,SFO,ORD,0,-3
UA,SFO,ORD,4,9
UA,SFO,LAS,107,120
UA,SFO,ATL,42,30
UA,SFO,ATL,147,133
UA,SFO,ORD,3,-6
UA,SFO,ORD,-4,-17
UA,SFO,LAS,47,45
UA,SFO,ORD,2,10
UA,SFO,ORD,-8,-28
UA,SFO,ORD,-6,-16
UA,SFO,LAS,5,1
UA,SFO,ORD,144,140
UA,SFO,ORD,0,-17
UA,SFO,LAS,162,161
UA,SFO,LAS,-4,-21
UA,SFO,ORD,13,-5
UA,SFO,LAS,47,33
VX,SFO,LAS,-4,-1
VX,SFO,LAS,-5,-7
VX,SFO,LAS,-2,-6
VX,SFO,LAS,-2,-6
VX,SFO,LAS,-3,-12
VX,SFO,LAS,-3,-8
VX,SFO,ORD,-5,-12
VX,SFO,ORD,-1,2
VX,SFO,ORD,-9,-19
VX,JFK,LAS,-11,-29
VX,SFO,LAS,-2,-5
VX,SFO,LAS,-3,-10
VX,SFO,LAS,-4,-1
VX,SFO,LAS,2,-4
VX,SFO,LAS,-6,-8
VX,SFO,LAS,-8,-8
VX,SFO,LAS,-2,-2
VX,SFO,ORD,-3,-18
VX,SFO,ORD,27,10
VX,SFO,ORD,0,-22
VX,JFK,LAS,-2,-13
VX,SFO,LAS,0,4
VX,SFO,LAS,-2,-2
VX,SFO,LAS,0,-4
VX,SFO,LAS,-4,-11
VX,SFO,LAS,0,-1
VX,SFO,LAS,-5,-13
VX,SFO,LAS,-1,-11
VX,SFO,ORD,5,-9
VX,SFO,ORD,15,1
VX,SFO,ORD,30,-6
VX,JFK,LAS,-5,-8
VX,SFO,LAS,20,7
VX,SFO,LAS,4,0
VX,SFO,LAS,58,48
VX,SFO,LAS,13,-3
VX,SFO,LAS,45,43
VX,SFO,LAS,8,-6
VX,SFO,LAS,19,15
VX,SFO,ORD,-5,-26
VX,SFO,ORD,-2,-14
VX,SFO,ORD,-3,-30
VX,JFK,LAS,-8,-14
VX,SFO,LAS,0,-11
VX,SFO,LAS,-3,-10
VX,SFO,LAS,10,2
VX,SFO,LAS,3,-1
VX,SFO,LAS,-6,7
VX,SFO,LAS,-2,-9
VX,SFO,ORD,-1,-23
VX,SFO,ORD,-5,-36
VX,JFK,LAS,-6,-1
VX,SFO,LAS,216,200
VX,SFO,ORD,-5,-15
VX,SFO,ORD,111,84
VX,JFK,LAS,-6,10
VX,SFO,LAS,-3,-5
VX,SFO,LAS,5,-3
VX,SFO,LAS,0,-11
VX,SFO,LAS,-1,-7
VX,SFO,LAS,-5,6
VX,SFO,LAS,23,16
VX,SFO,LAS,31,30
VX,SFO,ORD,1,-27
VX,SFO,ORD,-2,-7
VX,SFO,ORD,-7,-34
VX,JFK,LAS,1,44
VX,SFO,LAS,-4,-11
VX,SFO,LAS,-2,12
VX,SFO,LAS,10,0
VX,SFO,LAS,29,28
VX,SFO,LAS,-3,-5
VX,SFO,LAS,-3,-2
VX,SFO,ORD,-7,-20
VX,SFO,ORD,1,-14
VX,SFO,ORD,-3,-3
VX,JFK,LAS,-9,-10
VX,SFO,LAS,0,-8
VX,SFO,LAS,-6,-9
VX,SFO,LAS,-4,-5
VX,SFO,LAS,-5,-13
VX,SFO,LAS,0,-6
VX,SFO,LAS,-5,-11
VX,SFO,LAS,27,28
VX,SFO,ORD,-3,-15
VX,SFO,ORD,-5,-29
VX,JFK,LAS,-8,4
VX,SFO,LAS,18,9
VX,SFO,LAS,159,157
VX,SFO,LAS,65,61
VX,SFO,LAS,-5,-3
VX,SFO,LAS,-2,-9
VX,SFO,LAS,-1,-12
VX,SFO,LAS,3,1
VX,SFO,ORD,39,17
VX,SFO,ORD,37,25
VX,SFO,ORD,-4,-21
VX,JFK,LAS,-9,-11
VX,SFO,LAS,-1,-4
VX,SFO,LAS,0,0
VX,SFO,LAS,-5,2
VX,SFO,LAS,-6,-6
VX,SFO,LAS,0,-2
VX,SFO,LAS,-3,-5
VX,SFO,LAS,-7,-11
VX,SFO,ORD,-8,-28
VX,SFO,ORD,-4,-10
VX,SFO,ORD,-10,-21
VX,JFK,LAS,-12,4
VX,SFO,LAS,-2,-5
VX,SFO,LAS,-1,-1
VX,SFO,LAS,12,11
VX,SFO,LAS,3,8
VX,SFO,LAS,-3,-5
VX,SFO,LAS,-4,-1
VX,SFO,ORD,0,-14
VX,SFO,ORD,6,6
VX,SFO,ORD,-6,-17
VX,JFK,LAS,-9,-34
VX,SFO,LAS,0,-6
VX,SFO,LAS,2,6
VX,SFO,LAS,-8,-7
VX,SFO,LAS,-3,-12
VX,SFO,LAS,-1,-4
VX,SFO,LAS,-10,-10
VX,SFO,LAS,-3,-1
VX,SFO,LAS,5,-1
VX,SFO,LAS,7,12
VX,SFO,LAS,6,1
VX,SFO,LAS,12,8
VX,SFO,LAS,0,-4
VX,SFO,ORD,8,0
VX,SFO,ORD,1,16
VX,SFO,ORD,-4,-1
VX,JFK,LAS,-4,15
VX,SFO,LAS,1,0
VX,SFO,LAS,6,11
VX,SFO,LAS,12,9
VX,SFO,LAS,4,8
VX,SFO,LAS,6,7
VX,SFO,LAS,-6,1
VX,SFO,LAS,0,4
VX,SFO,ORD,-4,1
VX,SFO,ORD,-4,-3
VX,SFO,ORD,-5,-8
VX,JFK,LAS,-5,11
VX,SFO,LAS,-5,2
VX,SFO,LAS,-2,1
VX,SFO,LAS,15,14
VX,SFO,LAS,-1,1
VX,SFO,LAS,2,1
VX,SFO,LAS,2,13
VX,SFO,LAS,-2,0
VX,SFO,ORD,3,0
VX,SFO,ORD,15,16
VX,JFK,LAS,-6,-18
VX,SFO,LAS,-3,-11
VX,SFO,LAS,1,12
VX,SFO,LAS,10,3
VX,SFO,LAS,10,14
VX,SFO,LAS,-3,-2
VX,SFO,LAS,-5,-5
VX,SFO,LAS,-4,-7
VX,SFO,LAS,11,19
VX,SFO,ORD,-1,5
VX,SFO,ORD,-3,-8
VX,JFK,LAS,-2,-18
VX,SFO,LAS,36,43
VX,SFO,LAS,7,12
VX,SFO,LAS,35,49
VX,SFO,LAS,15,29
VX,SFO,LAS,120,141
VX,SFO,LAS,-2,-6
VX,SFO,LAS,13,6
VX,SFO,ORD,-5,-9
VX,SFO,ORD,-4,0
VX,SFO,ORD,-7,22
VX,JFK,LAS,0,6
VX,SFO,LAS,-2,2
VX,SFO,LAS,8,12
VX,SFO,LAS,49,50
VX,SFO,LAS,-4,1
VX,SFO,LAS,11,15
VX,SFO,LAS,66,78
VX,SFO,ORD,0,23
VX,SFO,ORD,1,35
VX,SFO,ORD,-2,0
VX,JFK,LAS,-8,-18
VX,SFO,LAS,-7,-17
VX,SFO,LAS,43,46
VX,SFO,LAS,30,34
VX,SFO,LAS,-2,-3
VX,SFO,LAS,-4,-5
VX,SFO,LAS,12,27
VX,SFO,LAS,12,11
VX,SFO,ORD,-5,-17
VX,SFO,ORD,5,0
VX,SFO,ORD,13,8
VX,JFK,LAS,-4,22
VX,SFO,LAS,-1,2
VX,SFO,LAS,2,4
VX,SFO,LAS,-2,-4
VX,SFO,LAS,8,6
VX,SFO,LAS,22,16
VX,SFO,LAS,-4,-1
VX,SFO,LAS,-4,-6
VX,SFO,ORD,-2,8
VX,SFO,ORD,1,0
VX,SFO,ORD,-5,-8
VX,JFK,LAS,-3,8
VX,SFO,LAS,22,23
VX,SFO,LAS,-4,2
VX,SFO,LAS,26,28
VX,SFO,LAS,119,126
VX,SFO,LAS,35,41
VX,SFO,LAS,16,21
VX,SFO,LAS,5,13
VX,SFO,ORD,-9,-5
VX,SFO,ORD,-4,-7
VX,JFK,LAS,-10,-4
VX,SFO,LAS,1,-5
VX,SFO,LAS,-4,-2
VX,SFO,LAS,-5,-8
VX,SFO,LAS,3,-3
VX,SFO,LAS,8,8
VX,SFO,LAS,-7,-11
VX,SFO,ORD,-7,-17
VX,SFO,ORD,-1,-28
VX,SFO,LAS,-4,-12
VX,SFO,LAS,-4,4
VX,SFO,LAS,6,5
VX,SFO,LAS,-5,-9
VX,SFO,LAS,-6,-4
VX,SFO,LAS,-4,-4
VX,SFO,LAS,-3,-10
VX,SFO,LAS,15,3
VX,SFO,ORD,2,10
VX,SFO,ORD,-5,-7
VX,JFK,LAS,-6,-15
VX,SFO,LAS,-1,-1
VX,SFO,LAS,14,9
VX,SFO,LAS,59,54
VX,SFO,LAS,-2,-10
VX,SFO,LAS,44,40
VX,SFO,LAS,-8,-9
VX,SFO,LAS,0,-1
VX,SFO,ORD,-3,2
VX,SFO,ORD,-3,-4
VX,SFO,ORD,3,-15
VX,JFK,LAS,16,-1
VX,SFO,LAS,22,10
VX,SFO,LAS,0,5
VX,SFO,LAS,57,58
VX,SFO,LAS,35,26
VX,SFO,LAS,38,47
VX,SFO,LAS,-3,-4
VX,SFO,LAS,-3,-4
VX,SFO,LAS,-6,-10
VX,SFO,LAS,13,10
VX,SFO,LAS,-6,-10
VX,SFO,LAS,0,1
VX,SFO,ORD,153,148
VX,SFO,ORD,-1,-2
VX,JFK,LAS,-9,-27
VX,SFO,LAS,-4,-10
VX,SFO,LAS,0,-6
VX,SFO,LAS,5,3
VX,SFO,LAS,-6,-11
VX,SFO,LAS,1,0
VX,SFO,LAS,-3,5
VX,SFO,LAS,-5,-11
VX,SFO,ORD,-6,-25
VX,SFO,ORD,6,-3
VX,SFO,ORD,0,-25
VX,JFK,LAS,-5,16
VX,SFO,LAS,8,6
VX,SFO,LAS,-1,0
VX,SFO,LAS,9,3
VX,SFO,LAS,4,-3
VX,SFO,LAS,-3,0
VX,SFO,LAS,-4,-11
VX,SFO,ORD,-2,-13
VX,SFO,ORD,31,18
VX,SFO,ORD,23,-4
VX,JFK,LAS,-1,14
VX,SFO,LAS,1,-4
VX,SFO,LAS,25,23
VX,SFO,LAS,3,10
VX,SFO,LAS,2,12
VX,SFO,LAS,49,46
VX,SFO,LAS,-1,12
VX,SFO,LAS,1,-5
VX,SFO,ORD,-2,-27
VX,SFO,ORD,2,-14
VX,SFO,ORD,-1,-26
VX,JFK,LAS,-2,20
VX,SFO,LAS,6,1
VX,SFO,LAS,-6,-9
VX,SFO,LAS,-2,-5
VX,SFO,LAS,16,3
VX,SFO,LAS,-2,4
VX,SFO,LAS,-4,1
VX,SFO,LAS,-2,-7
VX,SFO,ORD,191,177
VX,SFO,ORD,53,55
VX,JFK,LAS,-4,-6
VX,SFO,LAS,-2,-12
VX,SFO,ORD,-2,-9
VX,SFO,ORD,-2,-6
VX,SFO,ORD,0,-3
VX,JFK,LAS,-5,-4
VX,SFO,LAS,13,6
WN,SFO,LAS,-3,2
WN,SFO,LAS,41,22
WN,SFO,LAS,0,-12
WN,SFO,LAS,-8,-24
WN,SFO,LAS,-4,-12
WN,SFO,LAS,-4,-17
WN,SFO,LAS,-2,5
WN,SFO,LAS,39,40
WN,SFO,LAS,6,6
WN,SFO,LAS,62,60
WN,SFO,LAS,-5,-6
WN,SFO,LAS,-3,-4
WN,SFO,LAS,-5,-8
WN,SFO,LAS,-5,6
WN,SFO,LAS,-2,8
WN,SFO,LAS,-2,-4
WN,SFO,LAS,-4,-4
WN,SFO,LAS,-5,5
WN,SFO,LAS,-3,-10
WN,SFO,LAS,1,-5
WN,SFO,LAS,28,29
WN,SFO,LAS,-2,-5
WN,SFO,LAS,7,1
WN,SFO,LAS,-5,-17
WN,SFO,LAS,7,5
WN,SFO,LAS,-7,-18
WN,SFO,LAS,27,32
WN,SFO,LAS,6,19
WN,SFO,LAS,-4,0
WN,SFO,LAS,-6,13
WN,SFO,LAS,-2,-10
WN,SFO,LAS,-3,-13
WN,SFO,LAS,-5,-15
WN,SFO,LAS,0,-10
WN,SFO,LAS,-3,-9
WN,SFO,LAS,-5,-11
WN,SFO,LAS,4,5
WN,SFO,LAS,13,4
WN,SFO,LAS,33,31
WN,SFO,LAS,-4,-14
WN,SFO,LAS,-2,-8
WN,SFO,LAS,-5,-21
WN,SFO,LAS,-2,-18
WN,SFO,LAS,14,5
WN,SFO,LAS,-3,-10
WN,SFO,LAS,-4,-12
WN,SFO,LAS,-4,-10
WN,SFO,LAS,-5,-15
WN,SFO,LAS,-3,-7
WN,SFO,LAS,49,41
WN,SFO,LAS,0,-6
WN,SFO,LAS,11,9
WN,SFO,LAS,-5,-6
WN,SFO,LAS,-5,-10
WN,SFO,LAS,-5,-14
WN,SFO,LAS,0,-12
WN,SFO,LAS,-3,-1
WN,SFO,LAS,-4,-12
WN,SFO,LAS,-4,-4
WN,SFO,LAS,-7,-18
WN,SFO,LAS,-1,1
WN,SFO,LAS,0,-3
WN,SFO,LAS,4,-9
WN,SFO,LAS,-1,-8
WN,SFO,LAS,-6,-6
WN,SFO,LAS,-6,-12
WN,SFO,LAS,0,2
WN,SFO,LAS,0,-3
WN,SFO,LAS,28,24
WN,SFO,LAS,-6,-9
WN,SFO,LAS,-1,-1
WN,SFO,LAS,-7,-9
WN,SFO,LAS,0,-11
WN,SFO,LAS,-6,5
WN,SFO,LAS,-4,-17
WN,SFO,LAS,-4,-5
WN,SFO,LAS,0,-8
WN,SFO,LAS,-2,-11
WN,SFO,LAS,11,16
WN,SFO,LAS,76,85
WN,SFO,LAS,8,10
WN,SFO,LAS,-8,-7
WN,SFO,LAS,79,98
WN,SFO,LAS,-5,-7
WN,SFO,LAS,12,15
WN,SFO,LAS,-2,-7
WN,SFO,LAS,11,20
WN,SFO,LAS,1,7
WN,SFO,LAS,-4,-4
WN,SFO,LAS,40,42
WN,SFO,LAS,-2,-16
WN,SFO,LAS,-1,-7
WN,SFO,LAS,16,23
WN,SFO,LAS,-7,-14
WN,SFO,LAS,-1,-5
WN,SFO,LAS,-3,-11
WN,SFO,LAS,36,25
WN,SFO,LAS,4,-3
WN,SFO,LAS,15,6
WN,SFO,LAS,-1,-8
WN,SFO,LAS,-4,-11
WN,SFO,LAS,-6,-6
WN,SFO,LAS,14,4
WN,SFO,LAS,-5,-12
WN,SFO,LAS,-3,-21
WN,SFO,LAS,-1,-10
WN,SFO,LAS,0,-10
WN,SFO,LAS,-2,-4
WN,SFO,LAS,2,-3
WN,SFO,LAS,24,9
WN,SFO,LAS,2,-7
WN,SFO,LAS,7,2
WN,SFO,LAS,-1,-8
WN,SFO,LAS,-6,-15
WN,SFO,LAS,-4,-8
WN,SFO,LAS,-5,-13
WN,SFO,LAS,-3,-22
WN,SFO,LAS,-3,-8
WN,SFO,LAS,-5,-10
WN,SFO,LAS,-3,-11
WN,SFO,LAS,2,-9
WN,SFO,LAS,12,3
WN,SFO,LAS,23,14
WN,SFO,LAS,-6,-15
WN,SFO,LAS,-5,-8
WN,SFO,LAS,-2,-13
WN,SFO,LAS,-6,-11
WN,SFO,LAS,7,9
WN,SFO,LAS,2,13
WN,SFO,LAS,1,6
WN,SFO,LAS,-6,0
WN,SFO,LAS,-2,-11
WN,SFO,LAS,28,12
WN,SFO,LAS,4,-8
WN,SFO,LAS,14,-4
WN,SFO,LAS,3,-12
WN,SFO,LAS,42,40
WN,SFO,LAS,0,-5
WN,SFO,LAS,28,19
WN,SFO,LAS,-4,-6
WN,SFO,LAS,-2,-14
WN,SFO,LAS,-6,-15
WN,SFO,LAS,-4,-5
WN,SFO,LAS,-4,-18
WN,SFO,LAS,0,-13
WN,SFO,LAS,-3,2
WN,SFO,LAS,44,34
WN,SFO,LAS,-4,-19
WN,SFO,LAS,-6,0
WN,SFO,LAS,-1,-14
WN,SFO,LAS,0,-15
WN,SFO,LAS,-5,-16
WN,SFO,LAS,28,28
WN,SFO,LAS,-2,-11
WN,SFO,LAS,24,13
WN,SFO,LAS,-1,-15
WN,SFO,LAS,15,16
WN,SFO,LAS,-8,-11
WN,SFO,LAS,-1,-9
WN,SFO,LAS,-1,-8
WN,SFO,LAS,11,12
WN,SFO,LAS,-2,-13
WN,SFO,LAS,-2,-20
WN,SFO,LAS,16,9
WN,SFO,LAS,-2,-4
WN,SFO,LAS,-4,-11
WN,SFO,LAS,-1,-5
WN,SFO,LAS,2,-6
WN,SFO,LAS,102,79
WN,SFO,LAS,7,3
WN,SFO,LAS,-5,-21
WN,SFO,LAS,-3,-13
WN,SFO,LAS,0,-10
WN,SFO,LAS,1,-10
WN,SFO,LAS,-6,-16
WN,SFO,LAS,15,13
WN,SFO,LAS,-1,-11
